id,first_name,last_name,email,gender,Country,Country_code
1,Ring,Plumley,rplumley0@admin.ch,Male,Sweden,SE
2,Christoffer,Tomaszewski,ctomaszewski1@nsw.gov.au,Male,Czech Republic,CZ
3,Sibeal,Hamlington,shamlington2@wiley.com,Female,Russia,RU
4,Jackelyn,Persey,jpersey3@nature.com,Female,China,CN
5,Harrison,Tamburo,htamburo4@psu.edu,Male,France,FR
6,Benito,McEntegart,bmcentegart5@etsy.com,Male,Ukraine,UA
7,Cherey,Jacquot,cjacquot6@cbc.ca,Female,Pakistan,PK
8,Aluin,Rome,arome7@bloglines.com,Male,Indonesia,ID
9,Tawsha,Damp,tdamp8@state.gov,Female,Ukraine,UA
10,Delano,Knowlton,dknowlton9@live.com,Genderqueer,Sweden,SE
11,Ronica,Ancliffe,rancliffea@prweb.com,Female,Kuwait,KW
12,Clemmy,Bradie,cbradieb@qq.com,Male,Moldova,MD
13,Olwen,Billison,obillisonc@slate.com,Female,Morocco,MA
14,Osmond,Calltone,ocalltoned@arstechnica.com,Male,France,FR
15,Orelie,Antos,oantose@lycos.com,Agender,Sweden,SE
16,Enrika,Goodreid,egoodreidf@ucoz.com,Female,Kuwait,KW
17,Basil,Moorrud,bmoorrudg@chicagotribune.com,Male,Colombia,CO
18,Noreen,MacGuiness,nmacguinessh@sourceforge.net,Female,Bangladesh,BD
19,Cicily,Tinghill,ctinghilli@jiathis.com,Female,Finland,FI
20,Shaw,Kendall,skendallj@webnode.com,Male,Ukraine,UA
21,Tan,Baiss,tbaissk@soup.io,Male,Canada,CA
22,Daffie,Fowlie,dfowliel@mayoclinic.com,Female,Ukraine,UA
23,Aurthur,Bratt,abrattm@psu.edu,Male,Philippines,PH
24,Duff,Need,dneedn@stanford.edu,Male,Nigeria,NG
25,Eustacia,Detoc,edetoco@shinystat.com,Female,Indonesia,ID
26,Elliot,Traynor,etraynorp@wisc.edu,Male,Nigeria,NG
27,Monti,Mungin,mmunginq@oaic.gov.au,Male,Japan,JP
28,Ophelie,Sadlier,osadlierr@google.com.hk,Non-binary,Russia,RU
29,Moses,O'Breen,mobreens@newyorker.com,Male,Indonesia,ID
30,Jere,Longridge,jlongridget@google.ca,Male,Kazakhstan,KZ
31,Bucky,Mooreed,bmooreedu@ezinearticles.com,Male,Mexico,MX
32,Corine,Petry,cpetryv@disqus.com,Female,Canada,CA
33,Cherrita,Van Waadenburg,cvanwaadenburgw@house.gov,Female,China,CN
34,Lindsay,Meharg,lmehargx@npr.org,Female,Mexico,MX
35,Kathryn,Adess,kadessy@newyorker.com,Female,Indonesia,ID
36,Bill,Aspital,baspitalz@wired.com,Male,Poland,PL
37,Allard,Mesias,amesias10@furl.net,Male,Philippines,PH
38,Dorita,Iannitti,diannitti11@goodreads.com,Bigender,China,CN
39,Gregg,Grunnell,ggrunnell12@edublogs.org,Male,Indonesia,ID
40,Ephrayim,Searl,esearl13@cloudflare.com,Male,Czech Republic,CZ
41,Perren,Gritskov,pgritskov14@altervista.org,Male,Brazil,BR
42,Alberik,Edmunds,aedmunds15@sogou.com,Male,China,CN
43,Tanya,Bourgourd,tbourgourd16@reddit.com,Female,Portugal,PT
44,Jacynth,Carthew,jcarthew17@ezinearticles.com,Female,Indonesia,ID
45,Lissi,Godmar,lgodmar18@timesonline.co.uk,Female,Indonesia,ID
46,Anabella,Hullah,ahullah19@dmoz.org,Female,China,CN
47,Darcie,Pearde,dpearde1a@salon.com,Female,Morocco,MA
48,Stacee,Lux,slux1b@scientificamerican.com,Female,China,CN
49,Letta,Divall,ldivall1c@amazon.co.jp,Female,Mongolia,MN
50,Karry,Babinski,kbabinski1d@walmart.com,Female,France,FR
51,Hayley,Gorringe,hgorringe1e@issuu.com,Female,United States,US
52,Staford,Sausman,ssausman1f@fema.gov,Male,Philippines,PH
53,Ashby,Alyokhin,aalyokhin1g@clickbank.net,Male,Serbia,RS
54,Garry,Senecaux,gsenecaux1h@toplist.cz,Male,Sweden,SE
55,Truman,Ferne,tferne1i@wikimedia.org,Male,Western Sahara,EH
56,Reamonn,Glencros,rglencros1j@prnewswire.com,Male,Greece,GR
57,Chelsey,Crutchfield,ccrutchfield1k@pbs.org,Female,China,CN
58,Ellswerth,Ritchley,eritchley1l@gnu.org,Genderfluid,Panama,PA
59,Jarrid,Portis,jportis1m@dailymotion.com,Male,Philippines,PH
60,Meggie,Blankley,mblankley1n@wired.com,Female,Ivory Coast,CI
61,Karim,Buckner,kbuckner1o@amazon.co.uk,Male,Brazil,BR
62,Allistir,Tallant,atallant1p@stanford.edu,Male,Russia,RU
63,Johnnie,Ballister,jballister1q@weebly.com,Male,Argentina,AR
64,Kattie,Kohtler,kkohtler1r@behance.net,Female,China,CN
65,Mack,Mantram,mmantram1s@usda.gov,Male,Ethiopia,ET
66,Felizio,Mockett,fmockett1t@intel.com,Male,Armenia,AM
67,Kalvin,Biswell,kbiswell1u@scribd.com,Male,Indonesia,ID
68,Ulrike,Cridlon,ucridlon1v@chronoengine.com,Female,Ukraine,UA
69,Tobias,Loudian,tloudian1w@mashable.com,Male,Indonesia,ID
70,Kirstin,Yosifov,kyosifov1x@nydailynews.com,Female,Philippines,PH
71,Alyss,Polding,apolding1y@opensource.org,Female,Philippines,PH
72,Ruy,Genney,rgenney1z@abc.net.au,Male,Argentina,AR
73,Muffin,Swale,mswale20@yelp.com,Male,Serbia,RS
74,Starla,Really,sreally21@blogtalkradio.com,Female,United States,US
75,Emmy,Prattington,eprattington22@netvibes.com,Male,Sweden,SE
76,Brewster,Tunn,btunn23@un.org,Male,Mauritius,MU
77,Constantin,Sharvill,csharvill24@lulu.com,Male,Czech Republic,CZ
78,Ynes,Essel,yessel25@ocn.ne.jp,Female,China,CN
79,Deane,McAllaster,dmcallaster26@cmu.edu,Male,Sweden,SE
80,Aileen,McNaught,amcnaught27@wordpress.com,Female,Cyprus,CY
81,Cody,Gilbard,cgilbard28@rediff.com,Female,Japan,JP
82,Marshal,Cuchey,mcuchey29@miibeian.gov.cn,Male,Indonesia,ID
83,Ilyse,Karslake,ikarslake2a@simplemachines.org,Female,Brazil,BR
84,Lishe,Drabble,ldrabble2b@loc.gov,Female,Sweden,SE
85,Theressa,Gauntlett,tgauntlett2c@amazon.de,Female,Brazil,BR
86,Audi,Adamsson,aadamsson2d@ocn.ne.jp,Female,Yemen,YE
87,Emmanuel,MacElroy,emacelroy2e@huffingtonpost.com,Male,France,FR
88,Lynnelle,Atwill,latwill2f@smugmug.com,Female,Mongolia,MN
89,Trent,Pluvier,tpluvier2g@vinaora.com,Male,France,FR
90,Stormy,Nudd,snudd2h@blogs.com,Female,Japan,JP
91,Hiram,Lead,hlead2i@blogspot.com,Genderqueer,Russia,RU
92,Donall,Kidman,dkidman2j@nationalgeographic.com,Male,Sweden,SE
93,Brinna,Hartwell,bhartwell2k@businessinsider.com,Female,Ukraine,UA
94,Maddy,Kullmann,mkullmann2l@rakuten.co.jp,Male,Bosnia and Herzegovina,BA
95,Sidonnie,Brownbill,sbrownbill2m@telegraph.co.uk,Female,Portugal,PT
96,Mil,Kerslake,mkerslake2n@msn.com,Genderqueer,Brazil,BR
97,Genia,Ruddlesden,gruddlesden2o@a8.net,Female,Poland,PL
98,Karlee,Haggerwood,khaggerwood2p@sakura.ne.jp,Female,Indonesia,ID
99,Kevan,Argabrite,kargabrite2q@ucsd.edu,Male,China,CN
100,Rosemarie,Arnold,rarnold2r@domainmarket.com,Female,United States,US
101,Alanson,Pashbee,apashbee2s@blogs.com,Male,Indonesia,ID
102,Kliment,Filipputti,kfilipputti2t@psu.edu,Male,China,CN
103,Kaitlin,Arnley,karnley2u@youtube.com,Female,Poland,PL
104,Nickie,Josskowitz,njosskowitz2v@163.com,Bigender,Nigeria,NG
105,Phil,Leefe,pleefe2w@free.fr,Male,China,CN
106,Yelena,Cordeau,ycordeau2x@163.com,Female,Uganda,UG
107,Ado,Govier,agovier2y@4shared.com,Male,Uganda,UG
108,Jessa,Uren,juren2z@dell.com,Female,Canada,CA
109,Myca,Dullingham,mdullingham30@istockphoto.com,Male,Russia,RU
110,Jo ann,Cerro,jcerro31@hugedomains.com,Female,Afghanistan,AF
111,Berkley,Withams,bwithams32@google.com.au,Male,Poland,PL
112,Elicia,Toop,etoop33@dot.gov,Genderqueer,Spain,ES
113,Alick,Grimmolby,agrimmolby34@multiply.com,Male,Sweden,SE
114,Flinn,Rowley,frowley35@t.co,Male,Honduras,HN
115,Truman,Vedyaev,tvedyaev36@reuters.com,Male,China,CN
116,Mahmud,Melanaphy,mmelanaphy37@storify.com,Male,China,CN
117,Jaquenette,Wingeatt,jwingeatt38@yahoo.co.jp,Genderqueer,Indonesia,ID
118,Brock,Venturoli,bventuroli39@nasa.gov,Male,China,CN
119,Walker,Krug,wkrug3a@ox.ac.uk,Male,Mexico,MX
120,Shanta,Hune,shune3b@nydailynews.com,Female,Russia,RU
121,Moe,Rowet,mrowet3c@shinystat.com,Male,Zimbabwe,ZW
122,Paule,Tamburi,ptamburi3d@joomla.org,Female,China,CN
123,Gage,Mumbeson,gmumbeson3e@gizmodo.com,Male,China,CN
124,Ernest,Bradnum,ebradnum3f@quantcast.com,Male,Greece,GR
125,Gusti,Dracey,gdracey3g@examiner.com,Female,South Korea,KR
126,Mariette,Withers,mwithers3h@usgs.gov,Female,Hungary,HU
127,Denver,Crawshay,dcrawshay3i@netlog.com,Male,Indonesia,ID
128,Bear,Trahmel,btrahmel3j@clickbank.net,Male,Indonesia,ID
129,Gayler,MacKeever,gmackeever3k@gnu.org,Male,Germany,DE
130,Zena,Cockland,zcockland3l@army.mil,Female,China,CN
131,Mei,Grimsey,mgrimsey3m@tiny.cc,Bigender,Greece,GR
132,Addi,Mayzes,amayzes3n@shop-pro.jp,Female,Mexico,MX
133,Maximilien,Bramble,mbramble3o@harvard.edu,Male,Russia,RU
134,Durant,Precious,dprecious3p@people.com.cn,Male,Greece,GR
135,Jo-ann,Moraleda,jmoraleda3q@ocn.ne.jp,Female,Indonesia,ID
136,Craig,Paynton,cpaynton3r@nsw.gov.au,Male,Philippines,PH
137,Nixie,Lecky,nlecky3s@spiegel.de,Female,Bulgaria,BG
138,Clyde,Fowkes,cfowkes3t@eventbrite.com,Male,Kazakhstan,KZ
139,Renae,Tonkes,rtonkes3u@multiply.com,Female,Philippines,PH
140,Abigail,Nealey,anealey3v@flavors.me,Female,Indonesia,ID
141,Maxie,Episcopi,mepiscopi3w@businessweek.com,Male,China,CN
142,Madeline,Jaher,mjaher3x@friendfeed.com,Female,France,FR
143,Gwyneth,Juara,gjuara3y@ca.gov,Female,France,FR
144,Winonah,Gaddes,wgaddes3z@vistaprint.com,Female,Thailand,TH
145,Byron,Spore,bspore40@hexun.com,Male,Nigeria,NG
146,Mallissa,Hammersley,mhammersley41@privacy.gov.au,Female,China,CN
147,Antons,Sier,asier42@yolasite.com,Male,Indonesia,ID
148,Cary,Brewis,cbrewis43@hatena.ne.jp,Female,Brazil,BR
149,Dana,Ettels,dettels44@godaddy.com,Polygender,China,CN
150,Correy,Macvain,cmacvain45@google.com,Female,France,FR
151,Moshe,Dunkerly,mdunkerly46@netlog.com,Male,Sweden,SE
152,Kai,Rann,krann47@imageshack.us,Female,Philippines,PH
153,Lucas,Boscher,lboscher48@goo.gl,Male,Guatemala,GT
154,Faydra,Durrand,fdurrand49@storify.com,Female,Uganda,UG
155,Tildy,Suarez,tsuarez4a@t-online.de,Female,Brazil,BR
156,Arlyn,Litterick,alitterick4b@smugmug.com,Genderqueer,Poland,PL
157,Portie,Maryon,pmaryon4c@webnode.com,Male,France,FR
158,Hersh,Lindemann,hlindemann4d@umich.edu,Male,Panama,PA
159,Carroll,Cordobes,ccordobes4e@icq.com,Male,Mexico,MX
160,Neils,Coggeshall,ncoggeshall4f@ibm.com,Male,Republic of the Congo,CG
161,Stevena,Goodson,sgoodson4g@nih.gov,Female,Indonesia,ID
162,Filbert,Longmaid,flongmaid4h@jimdo.com,Male,Peru,PE
163,Hoyt,Lehrian,hlehrian4i@ezinearticles.com,Male,East Timor,TL
164,Doug,Petto,dpetto4j@bandcamp.com,Male,Central African Republic,CF
165,Karol,Bridgstock,kbridgstock4k@boston.com,Female,Brazil,BR
166,Berkley,Byron,bbyron4l@yelp.com,Male,Ukraine,UA
167,Enriqueta,Belmont,ebelmont4m@admin.ch,Female,France,FR
168,Ave,Pell,apell4n@hatena.ne.jp,Male,Poland,PL
169,Raleigh,Boyack,rboyack4o@irs.gov,Male,South Africa,ZA
170,Jacquenette,Trodden,jtrodden4p@chron.com,Female,China,CN
171,Clari,Backes,cbackes4q@hatena.ne.jp,Female,China,CN
172,Jud,Vosper,jvosper4r@usatoday.com,Male,China,CN
173,Rozamond,MacCague,rmaccague4s@canalblog.com,Female,Nigeria,NG
174,Madelon,McNirlin,mmcnirlin4t@parallels.com,Female,Indonesia,ID
175,Mile,Pinchin,mpinchin4u@economist.com,Male,Russia,RU
176,Bartholomew,Dufton,bdufton4v@ow.ly,Male,Mexico,MX
177,Raye,Dillinger,rdillinger4w@timesonline.co.uk,Female,Colombia,CO
178,Harlen,Everit,heverit4x@delicious.com,Male,China,CN
179,Lorraine,Castles,lcastles4y@theglobeandmail.com,Female,Bolivia,BO
180,Josey,Joder,jjoder4z@uiuc.edu,Female,Greece,GR
181,Sly,Borrowman,sborrowman50@tinypic.com,Male,Portugal,PT
182,Justus,Roskeilly,jroskeilly51@cbsnews.com,Male,Japan,JP
183,Burnaby,Prevost,bprevost52@g.co,Male,China,CN
184,Mikael,Andrat,mandrat53@google.com,Male,United States,US
185,Matt,Rishman,mrishman54@pinterest.com,Male,China,CN
186,Magdalene,Dyment,mdyment55@oracle.com,Female,Uruguay,UY
187,Glenn,Kliesl,gkliesl56@oracle.com,Female,China,CN
188,Alec,Sizland,asizland57@blogtalkradio.com,Male,South Korea,KR
189,Ondrea,Wollard,owollard58@ucoz.ru,Polygender,Russia,RU
190,Vinni,Copestick,vcopestick59@facebook.com,Female,China,CN
191,Price,Mitchelhill,pmitchelhill5a@newyorker.com,Male,Greece,GR
192,Alison,Jurczyk,ajurczyk5b@census.gov,Female,Poland,PL
193,Aurel,Hackley,ahackley5c@blogger.com,Female,United States,US
194,Crin,Ragsdale,cragsdale5d@whitehouse.gov,Female,China,CN
195,Killy,Foxon,kfoxon5e@japanpost.jp,Male,China,CN
196,Claudianus,Henrys,chenrys5f@pagesperso-orange.fr,Male,Portugal,PT
197,Clemmy,Ible,cible5g@freewebs.com,Male,Russia,RU
198,Micheil,Merck,mmerck5h@biblegateway.com,Male,Croatia,HR
199,Ollie,Bakes,obakes5i@mayoclinic.com,Bigender,Brazil,BR
200,Constantia,Klamman,cklamman5j@ucoz.com,Genderfluid,Brazil,BR
201,Meggy,Vango,mvango5k@t-online.de,Female,Portugal,PT
202,Rafaellle,Tiery,rtiery5l@cornell.edu,Male,Greece,GR
203,Rakel,Benbow,rbenbow5m@sitemeter.com,Female,Russia,RU
204,Millie,Bouskill,mbouskill5n@behance.net,Female,Morocco,MA
205,Tiffany,Olding,tolding5o@technorati.com,Female,Indonesia,ID
206,Maighdiln,Lucas,mlucas5p@blogs.com,Female,Portugal,PT
207,Byrann,Ryce,bryce5q@cargocollective.com,Agender,China,CN
208,Bobbye,Mizzen,bmizzen5r@symantec.com,Female,Indonesia,ID
209,Glenna,Kasher,gkasher5s@blog.com,Female,Russia,RU
210,Amabel,Sea,asea5t@discuz.net,Female,United States,US
211,Ericha,Nuton,enuton5u@abc.net.au,Female,United States,US
212,Fair,Northcote,fnorthcote5v@dmoz.org,Male,Indonesia,ID
213,Latisha,Greatbank,lgreatbank5w@sciencedaily.com,Female,France,FR
214,Janey,Sexty,jsexty5x@cnet.com,Female,Poland,PL
215,Mandi,Maudlin,mmaudlin5y@wufoo.com,Female,Peru,PE
216,Stacy,Reynard,sreynard5z@state.tx.us,Female,Canada,CA
217,Darline,Laird,dlaird60@sciencedaily.com,Female,China,CN
218,Chadd,Ixor,cixor61@moonfruit.com,Male,Indonesia,ID
219,Emmit,Plenty,eplenty62@squarespace.com,Male,Greece,GR
220,Noemi,Bainbrigge,nbainbrigge63@soup.io,Female,Indonesia,ID
221,Netta,Wheelhouse,nwheelhouse64@soup.io,Agender,Venezuela,VE
222,Terri,Rosin,trosin65@theguardian.com,Male,Sweden,SE
223,Barnebas,Glanz,bglanz66@posterous.com,Male,Indonesia,ID
224,Penn,Varian,pvarian67@w3.org,Male,Laos,LA
225,Lane,Figurski,lfigurski68@si.edu,Genderfluid,Morocco,MA
226,Staci,Roast,sroast69@feedburner.com,Female,Indonesia,ID
227,Cori,Pyner,cpyner6a@ibm.com,Bigender,China,CN
228,Donny,Wibrew,dwibrew6b@constantcontact.com,Male,United States,US
229,Costa,Toon,ctoon6c@jalbum.net,Male,Lithuania,LT
230,Efren,Brownjohn,ebrownjohn6d@moonfruit.com,Male,China,CN
231,Adamo,Cowthart,acowthart6e@sciencedaily.com,Male,Panama,PA
232,Witty,Gashion,wgashion6f@theglobeandmail.com,Male,Portugal,PT
233,Greta,Swidenbank,gswidenbank6g@squidoo.com,Female,Indonesia,ID
234,Sheryl,Jesse,sjesse6h@e-recht24.de,Female,Japan,JP
235,Maire,Moreby,mmoreby6i@usa.gov,Female,China,CN
236,Blaine,Ballance,bballance6j@sciencedaily.com,Male,China,CN
237,Mychal,Arnatt,marnatt6k@webmd.com,Male,China,CN
238,Nina,Spencer,nspencer6l@oracle.com,Female,Mexico,MX
239,Radcliffe,Tolcharde,rtolcharde6m@deviantart.com,Male,Philippines,PH
240,Nonna,Hartless,nhartless6n@tuttocitta.it,Genderfluid,Uzbekistan,UZ
241,Emanuel,Le Leu,eleleu6o@t-online.de,Male,Egypt,EG
242,Christophorus,Filppetti,cfilppetti6p@xrea.com,Male,Argentina,AR
243,Kelby,Ruggen,kruggen6q@com.com,Male,Chile,CL
244,Leonardo,Buer,lbuer6r@edublogs.org,Male,Indonesia,ID
245,Lotti,Spurrior,lspurrior6s@wisc.edu,Female,Denmark,DK
246,Diane-marie,McGriele,dmcgriele6t@tiny.cc,Female,Indonesia,ID
247,Hyman,McKeighan,hmckeighan6u@cdc.gov,Male,Indonesia,ID
248,Norri,O'Feeny,nofeeny6v@naver.com,Genderqueer,Finland,FI
249,Rodolfo,Cubin,rcubin6w@geocities.com,Male,Swaziland,SZ
250,Ariella,Eccleshare,aeccleshare6x@buzzfeed.com,Female,Indonesia,ID
251,Hal,Mountfort,hmountfort6y@technorati.com,Male,Russia,RU
252,Malissa,Danielut,mdanielut6z@epa.gov,Female,France,FR
253,Nevins,Skaif,nskaif70@newyorker.com,Male,China,CN
254,Aurie,Jest,ajest71@seattletimes.com,Female,Russia,RU
255,Lorry,Webben,lwebben72@slate.com,Female,Greece,GR
256,Chaim,Northway,cnorthway73@bloglovin.com,Male,China,CN
257,Lynnell,Poletto,lpoletto74@marriott.com,Polygender,Ireland,IE
258,Edgar,Wyllcocks,ewyllcocks75@tinyurl.com,Male,United Arab Emirates,AE
259,Phillis,Bulpitt,pbulpitt76@unc.edu,Female,Portugal,PT
260,Ellen,Goodbairn,egoodbairn77@zimbio.com,Female,China,CN
261,Gisella,Kornilyev,gkornilyev78@phoca.cz,Female,Peru,PE
262,Debora,Meachan,dmeachan79@yelp.com,Female,Indonesia,ID
263,Ragnar,MacShane,rmacshane7a@tmall.com,Male,China,CN
264,Paddie,Grayshan,pgrayshan7b@jiathis.com,Male,Poland,PL
265,Nikolas,Mityushkin,nmityushkin7c@friendfeed.com,Male,Ukraine,UA
266,Andris,Wastling,awastling7d@webs.com,Male,China,CN
267,Vernice,Embra,vembra7e@artisteer.com,Female,China,CN
268,Henrietta,Faithfull,hfaithfull7f@ning.com,Female,China,CN
269,Palm,Haydock,phaydock7g@gravatar.com,Male,China,CN
270,Joela,Romagosa,jromagosa7h@yahoo.co.jp,Non-binary,Chad,TD
271,Boothe,Habbema,bhabbema7i@hexun.com,Male,El Salvador,SV
272,Rosemary,Boothebie,rboothebie7j@rediff.com,Female,China,CN
273,Eamon,Hincks,ehincks7k@craigslist.org,Male,Ukraine,UA
274,Catharine,Duddridge,cduddridge7l@house.gov,Genderqueer,Tajikistan,TJ
275,Lamar,Raittie,lraittie7m@bluehost.com,Male,China,CN
276,Keane,Cackett,kcackett7n@berkeley.edu,Male,China,CN
277,Rafaela,Neads,rneads7o@chronoengine.com,Female,South Africa,ZA
278,Freddy,Woolway,fwoolway7p@canalblog.com,Male,Portugal,PT
279,Liam,Isherwood,lisherwood7q@apache.org,Male,Greece,GR
280,Guido,Swain,gswain7r@cbslocal.com,Male,Russia,RU
281,Tallia,Sorey,tsorey7s@shop-pro.jp,Polygender,Indonesia,ID
282,Dewey,Mc Giffin,dmcgiffin7t@histats.com,Male,Norway,NO
283,Idalina,April,iapril7u@wunderground.com,Female,Thailand,TH
284,Isidore,Medcalf,imedcalf7v@4shared.com,Male,Philippines,PH
285,Adriena,Braybrookes,abraybrookes7w@deviantart.com,Female,China,CN
286,Sally,Newborn,snewborn7x@wordpress.org,Female,Tanzania,TZ
287,Calvin,Hitzschke,chitzschke7y@ibm.com,Male,Austria,AT
288,Myrtice,Farre,mfarre7z@paypal.com,Female,China,CN
289,Hansiain,Gyurkovics,hgyurkovics80@ted.com,Male,Brazil,BR
290,Thebault,Cancellor,tcancellor81@studiopress.com,Non-binary,Iran,IR
291,Latisha,Kolyagin,lkolyagin82@aol.com,Female,Indonesia,ID
292,Travus,Bennington,tbennington83@cocolog-nifty.com,Male,Portugal,PT
293,Barclay,Cisson,bcisson84@omniture.com,Male,Belarus,BY
294,Donica,Silk,dsilk85@bloglovin.com,Female,Iran,IR
295,Joy,Partington,jpartington86@sitemeter.com,Female,Venezuela,VE
296,Svend,Crosgrove,scrosgrove87@flavors.me,Male,Poland,PL
297,Lin,Haythornthwaite,lhaythornthwaite88@wix.com,Female,China,CN
298,Urson,Tregear,utregear89@nifty.com,Male,France,FR
299,Pattin,Risely,prisely8a@zdnet.com,Male,Zambia,ZM
300,Abbe,Aberchirder,aaberchirder8b@webmd.com,Male,Mongolia,MN
301,Adey,Faccini,afaccini8c@yellowpages.com,Female,Sweden,SE
302,Marilyn,Chable,mchable8d@purevolume.com,Non-binary,Peru,PE
303,Gisele,Feaks,gfeaks8e@pbs.org,Female,Indonesia,ID
304,Desirae,Gange,dgange8f@blog.com,Female,Pakistan,PK
305,Grantley,Reijmers,greijmers8g@exblog.jp,Male,Indonesia,ID
306,Hagan,Longstaff,hlongstaff8h@miitbeian.gov.cn,Male,Indonesia,ID
307,Barty,Stonary,bstonary8i@fotki.com,Male,Ecuador,EC
308,Khalil,Brevetor,kbrevetor8j@macromedia.com,Male,China,CN
309,Tove,Bartomieu,tbartomieu8k@apache.org,Female,France,FR
310,Dalt,MacLice,dmaclice8l@toplist.cz,Male,Canada,CA
311,Jodee,Hunstone,jhunstone8m@flickr.com,Female,Afghanistan,AF
312,Rosalia,Beeton,rbeeton8n@flickr.com,Female,Malaysia,MY
313,Pennie,Longmead,plongmead8o@businessinsider.com,Female,Honduras,HN
314,Lorraine,Liepins,lliepins8p@vinaora.com,Female,China,CN
315,Glenine,Trytsman,gtrytsman8q@devhub.com,Agender,France,FR
316,Galen,Brannan,gbrannan8r@independent.co.uk,Male,United States,US
317,Porter,Duberry,pduberry8s@google.ru,Male,Poland,PL
318,Kassia,Nettles,knettles8t@tumblr.com,Female,Argentina,AR
319,Kahlil,Kupec,kkupec8u@slate.com,Male,China,CN
320,Rita,Whittlesea,rwhittlesea8v@free.fr,Female,Bosnia and Herzegovina,BA
321,Sal,Taffe,staffe8w@columbia.edu,Male,Ukraine,UA
322,Druci,Brewood,dbrewood8x@g.co,Female,Philippines,PH
323,Gilberta,Luggar,gluggar8y@dedecms.com,Female,France,FR
324,Cammie,Rama,crama8z@g.co,Female,Guatemala,GT
325,Garfield,Youll,gyoull90@businessweek.com,Male,Indonesia,ID
326,Guilbert,Munden,gmunden91@issuu.com,Male,Indonesia,ID
327,Gabrielle,Hanhardt,ghanhardt92@bbc.co.uk,Female,Zimbabwe,ZW
328,Garrard,Felten,gfelten93@liveinternet.ru,Male,Brazil,BR
329,Ring,Falcus,rfalcus94@ameblo.jp,Male,Mexico,MX
330,Morganne,Stonehouse,mstonehouse95@reuters.com,Female,Indonesia,ID
331,Barny,Greed,bgreed96@cyberchimps.com,Male,Croatia,HR
332,Dulce,Embra,dembra97@rediff.com,Female,Indonesia,ID
333,Demetre,Fellini,dfellini98@dion.ne.jp,Male,Czech Republic,CZ
334,Alexei,Chazotte,achazotte99@sogou.com,Male,Poland,PL
335,Casar,Bradley,cbradley9a@apache.org,Male,Indonesia,ID
336,Shoshana,Harley,sharley9b@joomla.org,Female,China,CN
337,Othello,Maric,omaric9c@a8.net,Bigender,Tunisia,TN
338,Leland,Rowantree,lrowantree9d@4shared.com,Female,China,CN
339,Carlyn,Spafford,cspafford9e@free.fr,Female,Russia,RU
340,Morty,Matthewson,mmatthewson9f@webeden.co.uk,Male,Poland,PL
341,Casper,Gilson,cgilson9g@wp.com,Male,Russia,RU
342,Janot,Giotto,jgiotto9h@usa.gov,Female,China,CN
343,Abby,Manilo,amanilo9i@pbs.org,Male,Philippines,PH
344,Jeanette,McHardy,jmchardy9j@bloglines.com,Female,Malaysia,MY
345,Georgianne,Ionesco,gionesco9k@answers.com,Female,Ukraine,UA
346,Neely,Buttner,nbuttner9l@macromedia.com,Female,China,CN
347,Tate,Chittleburgh,tchittleburgh9m@illinois.edu,Male,Yemen,YE
348,Elliot,Nowakowski,enowakowski9n@naver.com,Genderqueer,Belarus,BY
349,Latrena,Huglin,lhuglin9o@elegantthemes.com,Female,Indonesia,ID
350,Faydra,Tankard,ftankard9p@51.la,Polygender,Honduras,HN
351,Carlos,Jubb,cjubb9q@csmonitor.com,Male,Turkey,TR
352,Ettie,Grazier,egrazier9r@soundcloud.com,Female,Argentina,AR
353,Windy,Elis,welis9s@github.io,Female,China,CN
354,Ashli,Elcy,aelcy9t@bravesites.com,Female,Philippines,PH
355,Tyler,Osborne,tosborne9u@oracle.com,Male,China,CN
356,Donnie,Phaup,dphaup9v@ucoz.ru,Female,Russia,RU
357,Dewey,Chadwen,dchadwen9w@independent.co.uk,Male,Bolivia,BO
358,Grove,Guion,gguion9x@infoseek.co.jp,Non-binary,China,CN
359,Hunfredo,Aveson,haveson9y@nydailynews.com,Male,Portugal,PT
360,Bobbie,Filer,bfiler9z@parallels.com,Female,Macedonia,MK
361,Feliks,Gallager,fgallagera0@virginia.edu,Male,Philippines,PH
362,Cathrine,Pitts,cpittsa1@go.com,Female,Venezuela,VE
363,Granger,Masse,gmassea2@instagram.com,Male,China,CN
364,Jayme,Axtonne,jaxtonnea3@yolasite.com,Male,Moldova,MD
365,Anet,Impey,aimpeya4@columbia.edu,Non-binary,Philippines,PH
366,Lance,Bearward,lbearwarda5@toplist.cz,Male,Russia,RU
367,Dewain,Plaschke,dplaschkea6@reddit.com,Male,France,FR
368,Orbadiah,Nise,onisea7@ca.gov,Male,Bhutan,BT
369,Andris,Turley,aturleya8@yahoo.co.jp,Male,Croatia,HR
370,Cleve,Wogdon,cwogdona9@weather.com,Male,Poland,PL
371,Riccardo,Glenton,rglentonaa@drupal.org,Male,Nigeria,NG
372,Elicia,Illiston,eillistonab@who.int,Female,Brazil,BR
373,Nikolaos,Davidovici,ndavidoviciac@mayoclinic.com,Male,Portugal,PT
374,Dorian,Offield,doffieldad@geocities.jp,Non-binary,Philippines,PH
375,Marcelle,Omar,momarae@hibu.com,Female,Sweden,SE
376,Ford,Arlet,farletaf@umich.edu,Agender,Mexico,MX
377,Dayna,Bachman,dbachmanag@dropbox.com,Genderfluid,Vietnam,VN
378,Tristam,Pawellek,tpawellekah@cam.ac.uk,Male,Sweden,SE
379,Terrel,Warmisham,twarmishamai@istockphoto.com,Genderqueer,China,CN
380,Jerald,Kohtler,jkohtleraj@msu.edu,Male,Madagascar,MG
381,Burr,Ferraro,bferraroak@gizmodo.com,Male,China,CN
382,Silvio,Meyrick,smeyrickal@hatena.ne.jp,Male,Poland,PL
383,Nathan,Clemence,nclemenceam@cafepress.com,Male,Russia,RU
384,Terence,Phizackarley,tphizackarleyan@webeden.co.uk,Male,Mauritius,MU
385,Bogart,Norrey,bnorreyao@va.gov,Male,China,CN
386,Rita,Creer,rcreerap@woothemes.com,Female,Indonesia,ID
387,Jacklyn,Tawton,jtawtonaq@berkeley.edu,Female,Netherlands,NL
388,Roselin,Samsworth,rsamsworthar@networkadvertising.org,Female,Sweden,SE
389,Kermit,Westwater,kwestwateras@noaa.gov,Agender,France,FR
390,Nathanil,MacTerlagh,nmacterlaghat@flickr.com,Male,China,CN
391,Forrester,Patton,fpattonau@va.gov,Male,Peru,PE
392,Shoshanna,Blakeney,sblakeneyav@bbb.org,Female,Nigeria,NG
393,Rochell,Mossop,rmossopaw@mozilla.com,Female,Indonesia,ID
394,Peri,Slograve,pslograveax@instagram.com,Female,Philippines,PH
395,Aeriell,Bisset,abissetay@discuz.net,Female,Indonesia,ID
396,Diannne,Easterbrook,deasterbrookaz@apple.com,Female,Sweden,SE
397,Mose,Palethorpe,mpalethorpeb0@quantcast.com,Male,China,CN
398,Averil,Domek,adomekb1@studiopress.com,Male,Venezuela,VE
399,Ervin,Casey,ecaseyb2@tamu.edu,Male,Mozambique,MZ
400,Ilyssa,Berendsen,iberendsenb3@scribd.com,Female,Russia,RU
401,Christina,Apted,captedb4@reverbnation.com,Female,South Africa,ZA
402,Quincey,Matskiv,qmatskivb5@ca.gov,Male,Portugal,PT
403,Boone,Mizzi,bmizzib6@hostgator.com,Male,Greece,GR
404,Lindie,Syrie,lsyrieb7@friendfeed.com,Female,China,CN
405,Joann,Montier,jmontierb8@ibm.com,Female,Japan,JP
406,Mickie,Abelson,mabelsonb9@eventbrite.com,Male,China,CN
407,Arte,Probbin,aprobbinba@google.ru,Male,Argentina,AR
408,Hall,Mustill,hmustillbb@behance.net,Male,France,FR
409,Rosalyn,Heynen,rheynenbc@sciencedaily.com,Female,China,CN
410,Wilbert,Durtnal,wdurtnalbd@mail.ru,Male,China,CN
411,Margie,Follen,mfollenbe@mail.ru,Female,China,CN
412,Tad,Geater,tgeaterbf@apache.org,Male,China,CN
413,Deeanne,Fildery,dfilderybg@yellowbook.com,Non-binary,Indonesia,ID
414,Kathryn,Ronchi,kronchibh@geocities.com,Female,China,CN
415,Eddy,Saur,esaurbi@wp.com,Male,Sweden,SE
416,Manda,Pincott,mpincottbj@hexun.com,Female,Russia,RU
417,Gertrud,Poate,gpoatebk@unc.edu,Female,Syria,SY
418,Portie,Kingett,pkingettbl@sitemeter.com,Male,Brazil,BR
419,Bonnie,Shoubridge,bshoubridgebm@scribd.com,Female,Philippines,PH
420,Carmela,Andre,candrebn@hostgator.com,Female,Senegal,SN
421,Murvyn,Payze,mpayzebo@opensource.org,Male,Mexico,MX
422,Corbie,De Angelis,cdeangelisbp@dailymotion.com,Male,Comoros,KM
423,Othilie,Grinsted,ogrinstedbq@shareasale.com,Polygender,Guatemala,GT
424,Carine,Bertholin,cbertholinbr@gmpg.org,Female,Mauritania,MR
425,Georgetta,Hilbourne,ghilbournebs@hubpages.com,Non-binary,Indonesia,ID
426,Hanny,Kestell,hkestellbt@arstechnica.com,Female,Mongolia,MN
427,Merrill,Quarry,mquarrybu@examiner.com,Male,Philippines,PH
428,Cristi,Dillingston,cdillingstonbv@bbc.co.uk,Female,Colombia,CO
429,Bennett,Oleszcuk,boleszcukbw@miitbeian.gov.cn,Male,Japan,JP
430,Viole,Rekes,vrekesbx@edublogs.org,Female,Thailand,TH
431,Sean,Bertwistle,sbertwistleby@cnet.com,Female,Indonesia,ID
432,Lorri,Shorland,lshorlandbz@sphinn.com,Female,Sweden,SE
433,Kaela,Rides,kridesc0@hugedomains.com,Female,Indonesia,ID
434,Natala,D'Enrico,ndenricoc1@scribd.com,Female,Indonesia,ID
435,Kassi,Folder,kfolderc2@mozilla.org,Female,China,CN
436,Marketa,Grzegorek,mgrzegorekc3@qq.com,Agender,Indonesia,ID
437,Morlee,Crayden,mcraydenc4@is.gd,Male,Germany,DE
438,Gerda,Hazeldene,ghazeldenec5@bloomberg.com,Female,Colombia,CO
439,Hanna,Masse,hmassec6@ibm.com,Female,Sweden,SE
440,Gerri,Boustred,gboustredc7@whitehouse.gov,Male,Sweden,SE
441,Antonius,Shortcliffe,ashortcliffec8@washington.edu,Male,Russia,RU
442,Brien,Scapens,bscapensc9@rediff.com,Male,Russia,RU
443,Fernanda,Loalday,floaldayca@1688.com,Female,China,CN
444,Brittany,Stoppard,bstoppardcb@youku.com,Genderqueer,China,CN
445,Shaun,Van Der Walt,svanderwaltcc@nytimes.com,Male,Philippines,PH
446,Julius,Redwing,jredwingcd@skype.com,Male,Benin,BJ
447,Cissy,Penhalurick,cpenhalurickce@lycos.com,Polygender,Mauritius,MU
448,Barbette,Bradman,bbradmancf@ed.gov,Female,Russia,RU
449,Dewitt,Quinnette,dquinnettecg@hao123.com,Male,Venezuela,VE
450,Werner,Ludwikiewicz,wludwikiewiczch@usda.gov,Male,Yemen,YE
451,Kimberlyn,Albert,kalbertci@businessinsider.com,Female,Netherlands,NL
452,Riley,Boddis,rboddiscj@bandcamp.com,Male,Morocco,MA
453,Cyndi,Stollmeyer,cstollmeyerck@home.pl,Bigender,Poland,PL
454,Abramo,Kinsett,akinsettcl@illinois.edu,Male,Thailand,TH
455,Isaac,Tallis,italliscm@eventbrite.com,Male,France,FR
456,Dewain,Franseco,dfransecocn@usa.gov,Male,Canada,CA
457,Dosi,Raffles,drafflesco@go.com,Female,Zimbabwe,ZW
458,Fayre,Eddison,feddisoncp@issuu.com,Female,Sweden,SE
459,Leigh,Pactat,lpactatcq@privacy.gov.au,Male,United States,US
460,Kermy,Krysztofiak,kkrysztofiakcr@newsvine.com,Male,Russia,RU
461,Cary,Cruikshank,ccruikshankcs@ask.com,Genderfluid,Sweden,SE
462,Ravid,Conachy,rconachyct@domainmarket.com,Male,China,CN
463,Ruthie,Haburne,rhaburnecu@wix.com,Female,Poland,PL
464,Pietro,Hayfield,phayfieldcv@weather.com,Male,Russia,RU
465,Neel,Aronov,naronovcw@usatoday.com,Male,Indonesia,ID
466,Idelle,Studd,istuddcx@slideshare.net,Female,China,CN
467,Garek,Stellin,gstellincy@blog.com,Male,Czech Republic,CZ
468,Georgetta,Whyborne,gwhybornecz@apple.com,Female,Tunisia,TN
469,Rutherford,Merida,rmeridad0@netscape.com,Male,Libya,LY
470,Marjy,Sharpous,msharpousd1@linkedin.com,Genderqueer,Indonesia,ID
471,Erskine,Greensted,egreenstedd2@eventbrite.com,Male,Russia,RU
472,Dore,Scobie,dscobied3@prweb.com,Female,France,FR
473,Josefa,Kaubisch,jkaubischd4@mozilla.com,Female,Brazil,BR
474,Bing,Gori,bgorid5@cnet.com,Genderqueer,Pakistan,PK
475,Frayda,Ortzen,fortzend6@bandcamp.com,Female,China,CN
476,Harald,Vaux,hvauxd7@mediafire.com,Male,Yemen,YE
477,Enrique,Linkie,elinkied8@howstuffworks.com,Male,Indonesia,ID
478,Sadye,Jiroutka,sjiroutkad9@merriam-webster.com,Female,Poland,PL
479,Gaelan,Poulglais,gpoulglaisda@fema.gov,Male,Brazil,BR
480,Rodrick,Redgrave,rredgravedb@latimes.com,Genderqueer,Japan,JP
481,Fianna,Blinkhorn,fblinkhorndc@yahoo.co.jp,Female,Russia,RU
482,Bran,Kindall,bkindalldd@mail.ru,Male,Japan,JP
483,Guilbert,Leary,glearyde@jiathis.com,Male,Peru,PE
484,Nicolis,Hatje,nhatjedf@constantcontact.com,Male,China,CN
485,Barbabra,Rosenthaler,brosenthalerdg@mapquest.com,Female,Argentina,AR
486,Shermie,Threader,sthreaderdh@google.ca,Male,Canada,CA
487,Nerissa,Buse,nbusedi@cbc.ca,Female,Sweden,SE
488,Rhiamon,Hallick,rhallickdj@usgs.gov,Agender,Greece,GR
489,Mannie,Barnhart,mbarnhartdk@wired.com,Male,Brazil,BR
490,Burke,Pellant,bpellantdl@theatlantic.com,Male,Vietnam,VN
491,Ringo,Arrighini,rarrighinidm@liveinternet.ru,Male,Portugal,PT
492,Hermon,Manton,hmantondn@360.cn,Male,Indonesia,ID
493,Sherwood,Rodliff,srodliffdo@google.it,Male,Brazil,BR
494,Klemens,Weson,kwesondp@dell.com,Male,Albania,AL
495,Letisha,Malone,lmalonedq@adobe.com,Female,Nicaragua,NI
496,Gabriele,Lestrange,glestrangedr@washington.edu,Male,Martinique,MQ
497,Vilhelmina,Vance,vvanceds@bbc.co.uk,Female,Colombia,CO
498,Fabian,Handlin,fhandlindt@plala.or.jp,Male,Sweden,SE
499,Jaynell,McQuin,jmcquindu@canalblog.com,Female,Vietnam,VN
500,Anatola,Wissbey,awissbeydv@xrea.com,Female,Ethiopia,ET
501,Jeromy,Wayte,jwaytedw@wikia.com,Agender,Indonesia,ID
502,Karol,Knight,kknightdx@free.fr,Female,Greece,GR
503,Hillier,McGonnell,hmcgonnelldy@prlog.org,Male,Palestinian Territory,PS
504,Thaddus,O' Flaherty,toflahertydz@wufoo.com,Male,Pakistan,PK
505,Corina,Bees,cbeese0@msn.com,Polygender,Luxembourg,LU
506,Averil,Pahlsson,apahlssone1@abc.net.au,Female,Poland,PL
507,Lorettalorna,Tayler,ltaylere2@europa.eu,Female,Philippines,PH
508,Katrinka,Slorance,kslorancee3@gmpg.org,Female,Palestinian Territory,PS
509,Arabele,Andrick,aandricke4@myspace.com,Female,Benin,BJ
510,Queenie,MacTurlough,qmacturloughe5@unblog.fr,Female,Indonesia,ID
511,Major,Hepher,mhephere6@rakuten.co.jp,Male,France,FR
512,Davidson,Fullbrook,dfullbrooke7@vinaora.com,Male,Venezuela,VE
513,Celestyn,Reeves,creevese8@tuttocitta.it,Female,Indonesia,ID
514,Gaby,Alphege,galphegee9@privacy.gov.au,Male,Greece,GR
515,Sidonia,Spacie,sspacieea@whitehouse.gov,Female,China,CN
516,Valentin,Worvell,vworvelleb@plala.or.jp,Non-binary,Lithuania,LT
517,Ealasaid,Coode,ecoodeec@earthlink.net,Female,Sweden,SE
518,Ozzie,Scholar,oscholared@flavors.me,Male,Indonesia,ID
519,Ree,Nolton,rnoltonee@shareasale.com,Female,Indonesia,ID
520,Redd,Cawtheray,rcawtherayef@ft.com,Male,Ukraine,UA
521,Alaine,Lantoph,alantopheg@bloomberg.com,Female,Indonesia,ID
522,Eli,Seer,eseereh@boston.com,Male,Bulgaria,BG
523,Doris,McGilroy,dmcgilroyei@ehow.com,Female,Indonesia,ID
524,Antonius,Cratchley,acratchleyej@geocities.jp,Male,Brazil,BR
525,Klaus,Sandes,ksandesek@meetup.com,Male,China,CN
526,Marcile,Appleby,mapplebyel@hexun.com,Agender,Bulgaria,BG
527,Hermon,Baldi,hbaldiem@goo.ne.jp,Male,Russia,RU
528,Andris,Nouch,anouchen@imgur.com,Male,Russia,RU
529,Editha,Braney,ebraneyeo@dailymail.co.uk,Female,Portugal,PT
530,Westbrooke,Gremain,wgremainep@mediafire.com,Male,China,CN
531,Katrinka,Wellstead,kwellsteadeq@addthis.com,Polygender,Sweden,SE
532,Micki,Ginnell,mginneller@ucoz.ru,Female,Sweden,SE
533,Dianemarie,Maybury,dmayburyes@scientificamerican.com,Female,Russia,RU
534,Stephenie,Knightsbridge,sknightsbridgeet@sfgate.com,Non-binary,Croatia,HR
535,Pasquale,Eastment,peastmenteu@dailymail.co.uk,Polygender,China,CN
536,Brew,Morey,bmoreyev@de.vu,Male,Turkey,TR
537,Hattie,Christoforou,hchristoforouew@xinhuanet.com,Female,Poland,PL
538,Roger,Kitchinham,rkitchinhamex@amazon.co.uk,Bigender,Czech Republic,CZ
539,Benyamin,Crysell,bcryselley@cdc.gov,Male,Tanzania,TZ
540,Gabriele,Schoolfield,gschoolfieldez@xrea.com,Male,China,CN
541,Orton,Tavinor,otavinorf0@goo.gl,Male,China,CN
542,Ilyse,Ortmann,iortmannf1@cbsnews.com,Female,Russia,RU
543,Calida,Sprott,csprottf2@paginegialle.it,Polygender,Mexico,MX
544,Filide,Cummins,fcumminsf3@tumblr.com,Female,Portugal,PT
545,Sheila-kathryn,Hulance,shulancef4@accuweather.com,Female,Brazil,BR
546,Free,Extil,fextilf5@mayoclinic.com,Male,Poland,PL
547,Cissy,Crichmer,ccrichmerf6@statcounter.com,Female,Japan,JP
548,Ella,Althrope,ealthropef7@indiegogo.com,Female,China,CN
549,Christi,Foltin,cfoltinf8@techcrunch.com,Female,Rwanda,RW
550,Brena,Lescop,blescopf9@youtu.be,Female,Latvia,LV
551,Rickard,De Caroli,rdecarolifa@wikia.com,Male,China,CN
552,Mischa,Calafato,mcalafatofb@canalblog.com,Male,China,CN
553,Carlita,Mannering,cmanneringfc@mapquest.com,Female,Indonesia,ID
554,Roland,Heiden,rheidenfd@icio.us,Male,Indonesia,ID
555,Pebrook,Sellers,psellersfe@ning.com,Male,Russia,RU
556,Jannel,Heindl,jheindlff@alexa.com,Female,France,FR
557,Burl,Markey,bmarkeyfg@netlog.com,Male,Mauritius,MU
558,Angelia,Bagot,abagotfh@bbc.co.uk,Female,Mexico,MX
559,Sayer,Aartsen,saartsenfi@wikispaces.com,Male,Armenia,AM
560,Elwira,Sergison,esergisonfj@barnesandnoble.com,Genderqueer,Portugal,PT
561,Ermanno,Milthorpe,emilthorpefk@microsoft.com,Male,Philippines,PH
562,Tanitansy,Livingstone,tlivingstonefl@ning.com,Female,Peru,PE
563,Georgianne,Godfree,ggodfreefm@sbwire.com,Female,China,CN
564,Shirleen,Guesford,sguesfordfn@ning.com,Female,North Korea,KP
565,Hilliard,Digby,hdigbyfo@xing.com,Male,Greece,GR
566,Kingston,Housbey,khousbeyfp@cpanel.net,Male,United States,US
567,Sibel,Pollicatt,spollicattfq@dedecms.com,Female,South Africa,ZA
568,Gail,Emmitt,gemmittfr@myspace.com,Female,Indonesia,ID
569,Dare,Bodill,dbodillfs@umich.edu,Male,Israel,IL
570,Prudi,Philipson,pphilipsonft@scientificamerican.com,Female,Nigeria,NG
571,Luca,Metham,lmethamfu@wix.com,Male,Finland,FI
572,Moshe,Goodhew,mgoodhewfv@myspace.com,Male,Guatemala,GT
573,Cletis,Pavlov,cpavlovfw@si.edu,Male,Indonesia,ID
574,Luca,Corser,lcorserfx@imageshack.us,Male,Argentina,AR
575,Ibbie,Stoade,istoadefy@cafepress.com,Female,Malta,MT
576,Gaby,Gircke,ggirckefz@smugmug.com,Male,Poland,PL
577,Dulcie,Fisby,dfisbyg0@upenn.edu,Female,Portugal,PT
578,Pebrook,Cahn,pcahng1@zimbio.com,Agender,Macedonia,MK
579,Noland,Graybeal,ngraybealg2@ycombinator.com,Male,Indonesia,ID
580,Trix,Slocombe,tslocombeg3@ovh.net,Female,Ireland,IE
581,Matty,Salack,msalackg4@apache.org,Male,Uganda,UG
582,Red,Aspell,raspellg5@dell.com,Male,Canada,CA
583,Wang,Dannatt,wdannattg6@jimdo.com,Male,Sweden,SE
584,Sergent,Swinglehurst,sswinglehurstg7@parallels.com,Male,China,CN
585,Kaspar,Shenton,kshentong8@tripod.com,Male,Germany,DE
586,Gerhard,Yurlov,gyurlovg9@nymag.com,Male,China,CN
587,Herschel,Shew,hshewga@amazonaws.com,Male,Mexico,MX
588,Nikola,Grisewood,ngrisewoodgb@chron.com,Male,Ukraine,UA
589,Vincenz,Stickney,vstickneygc@cbsnews.com,Male,China,CN
590,Pansie,Haet,phaetgd@acquirethisname.com,Female,Sri Lanka,LK
591,Dinny,Crotty,dcrottyge@barnesandnoble.com,Female,Canada,CA
592,Roana,Duly,rdulygf@wsj.com,Female,Croatia,HR
593,Coraline,Dayce,cdaycegg@cyberchimps.com,Female,Netherlands,NL
594,Peri,Paffot,ppaffotgh@netscape.com,Female,Indonesia,ID
595,Roselle,Franz-Schoninger,rfranzschoningergi@usnews.com,Female,Russia,RU
596,Sid,Kiffe,skiffegj@google.com,Male,China,CN
597,Hartwell,Brownsall,hbrownsallgk@ning.com,Male,Lesotho,LS
598,Darlene,Grigorian,dgrigoriangl@who.int,Female,China,CN
599,Phillip,Capelle,pcapellegm@nifty.com,Male,China,CN
600,Nita,Demko,ndemkogn@paginegialle.it,Female,Poland,PL
601,Elmira,Duckering,educkeringgo@feedburner.com,Female,Peru,PE
602,Dana,Railton,drailtongp@google.com.hk,Male,Indonesia,ID
603,Genevra,Titt,gtittgq@geocities.jp,Female,Thailand,TH
604,Riordan,Mayling,rmaylinggr@cbc.ca,Male,Indonesia,ID
605,Gunar,Godbert,ggodbertgs@123-reg.co.uk,Male,Hungary,HU
606,Rosalinde,Biagi,rbiagigt@desdev.cn,Female,Colombia,CO
607,Trever,Hum,thumgu@weebly.com,Male,Philippines,PH
608,Koenraad,Obey,kobeygv@amazon.co.jp,Male,France,FR
609,Bobbie,Oherlihy,boherlihygw@youtu.be,Female,Russia,RU
610,Joshuah,Haeslier,jhaesliergx@sourceforge.net,Male,Greece,GR
611,Berry,Burnhams,bburnhamsgy@howstuffworks.com,Female,China,CN
612,Hester,Beecham,hbeechamgz@java.com,Female,Indonesia,ID
613,Fonz,Philippe,fphilippeh0@bandcamp.com,Male,Malaysia,MY
614,Zsazsa,Howroyd,zhowroydh1@sakura.ne.jp,Female,Russia,RU
615,Phyllys,Hiddersley,phiddersleyh2@skyrock.com,Non-binary,China,CN
616,Lindy,Evans,levansh3@dagondesign.com,Male,Peru,PE
617,Lisha,Pooly,lpoolyh4@printfriendly.com,Female,China,CN
618,Marlow,Goodman,mgoodmanh5@chronoengine.com,Male,Indonesia,ID
619,Aile,Grigg,agriggh6@g.co,Non-binary,Brazil,BR
620,Ezechiel,Suttle,esuttleh7@unesco.org,Male,New Zealand,NZ
621,Marlow,Pestridge,mpestridgeh8@sogou.com,Male,Guatemala,GT
622,Leonie,Brazer,lbrazerh9@bigcartel.com,Female,Russia,RU
623,Margaux,Skuce,mskuceha@who.int,Female,Indonesia,ID
624,Gav,Jerche,gjerchehb@whitehouse.gov,Male,Poland,PL
625,Pedro,Blaes,pblaeshc@unicef.org,Male,Finland,FI
626,Daryle,Lattimer,dlattimerhd@shutterfly.com,Male,Nigeria,NG
627,Russ,Simpkiss,rsimpkisshe@posterous.com,Male,South Africa,ZA
628,Chen,Winters,cwintershf@moonfruit.com,Male,Philippines,PH
629,Josephina,Harbron,jharbronhg@disqus.com,Female,France,FR
630,Reid,Stean,rsteanhh@shutterfly.com,Male,Brazil,BR
631,Anthiathia,Ingarfill,aingarfillhi@omniture.com,Female,South Africa,ZA
632,Eziechiele,Gerssam,egerssamhj@time.com,Male,Russia,RU
633,Link,Colleford,lcollefordhk@feedburner.com,Male,Uruguay,UY
634,Feliza,Pancost,fpancosthl@soup.io,Female,Brazil,BR
635,Auroora,McPhilemy,amcphilemyhm@bloomberg.com,Bigender,Mexico,MX
636,Giacobo,Whitemarsh,gwhitemarshhn@mayoclinic.com,Male,China,CN
637,Felipe,Rumens,frumensho@dion.ne.jp,Male,Japan,JP
638,Jaimie,Walasik,jwalasikhp@blogger.com,Female,Russia,RU
639,Kaycee,Vassel,kvasselhq@dedecms.com,Female,Yemen,YE
640,Dewey,Ilett,diletthr@123-reg.co.uk,Male,Philippines,PH
641,Homerus,Carress,hcarresshs@360.cn,Male,Argentina,AR
642,Monika,Brindley,mbrindleyht@umich.edu,Female,Greece,GR
643,Clemmy,Castro,ccastrohu@stanford.edu,Female,Palau,PW
644,Montgomery,Blackbrough,mblackbroughhv@cloudflare.com,Agender,Botswana,BW
645,Niall,Oulett,nouletthw@arizona.edu,Male,Ukraine,UA
646,Joseph,Fley,jfleyhx@a8.net,Male,Philippines,PH
647,Felicia,Cornewall,fcornewallhy@skyrock.com,Polygender,Brazil,BR
648,Merrel,Reinisch,mreinischhz@sakura.ne.jp,Male,China,CN
649,Karie,Champneys,kchampneysi0@harvard.edu,Female,Indonesia,ID
650,Hesther,Battelle,hbattellei1@creativecommons.org,Female,Indonesia,ID
651,Peg,Bussy,pbussyi2@answers.com,Female,United States,US
652,Franni,Daniaud,fdaniaudi3@ihg.com,Female,Indonesia,ID
653,Eberhard,Chantrell,echantrelli4@aol.com,Male,Philippines,PH
654,Cary,Oriel,corieli5@sbwire.com,Male,Indonesia,ID
655,Crystal,Chittenden,cchittendeni6@amazon.co.uk,Genderqueer,China,CN
656,Stu,O'Mailey,somaileyi7@lycos.com,Male,China,CN
657,Marylynne,Dudin,mdudini8@nydailynews.com,Female,Albania,AL
658,Merna,Treadway,mtreadwayi9@latimes.com,Female,Brazil,BR
659,Desiri,Chrestien,dchrestienia@nih.gov,Female,Pakistan,PK
660,Raffarty,Boyde,rboydeib@zimbio.com,Male,Thailand,TH
661,Antonino,Ateridge,aateridgeic@weebly.com,Male,Mexico,MX
662,Sonny,Florentine,sflorentineid@shareasale.com,Male,China,CN
663,Isaak,Le - Count,ilecountie@yellowpages.com,Male,Finland,FI
664,Ardelia,Brose,abroseif@ustream.tv,Female,Azerbaijan,AZ
665,Danella,Liell,dliellig@feedburner.com,Female,Norway,NO
666,Abran,Sabates,asabatesih@ning.com,Male,Indonesia,ID
667,Laurie,Stark,lstarkii@google.co.uk,Male,Indonesia,ID
668,Barnabe,McArd,bmcardij@disqus.com,Bigender,France,FR
669,Worth,Culverhouse,wculverhouseik@amazonaws.com,Male,China,CN
670,Wilmer,Pennini,wpenniniil@51.la,Male,Taiwan,TW
671,Marcile,Stedmond,mstedmondim@si.edu,Female,China,CN
672,Farah,Birchill,fbirchillin@ustream.tv,Bigender,Indonesia,ID
673,Gratiana,Fitchett,gfitchettio@1und1.de,Female,China,CN
674,Francklyn,Wringe,fwringeip@blogger.com,Male,Burkina Faso,BF
675,Garreth,Ivakhno,givakhnoiq@nasa.gov,Male,China,CN
676,Constantina,Giorgioni,cgiorgioniir@scribd.com,Female,Portugal,PT
677,Nadean,Hardistry,nhardistryis@webs.com,Female,Indonesia,ID
678,Rafi,Nichols,rnicholsit@desdev.cn,Male,Sweden,SE
679,Georgy,Hubbock,ghubbockiu@ibm.com,Male,Philippines,PH
680,Talia,Mundie,tmundieiv@fc2.com,Bigender,Greece,GR
681,Annalise,Reah,areahiw@opera.com,Female,Peru,PE
682,Evie,Jessup,ejessupix@sphinn.com,Female,China,CN
683,Danielle,Conkey,dconkeyiy@ebay.co.uk,Non-binary,Hungary,HU
684,Niall,McKillop,nmckillopiz@trellian.com,Male,South Africa,ZA
685,Violante,Mc Caghan,vmccaghanj0@mapquest.com,Female,China,CN
686,Stephanus,Aubrun,saubrunj1@mlb.com,Male,Philippines,PH
687,Gerladina,Benardet,gbenardetj2@msn.com,Female,China,CN
688,Rudy,Eubank,reubankj3@indiegogo.com,Male,China,CN
689,Dallas,Eakens,deakensj4@freewebs.com,Bigender,Tanzania,TZ
690,Jerald,Gelly,jgellyj5@about.com,Male,Mexico,MX
691,Lu,Pellett,lpellettj6@mayoclinic.com,Female,Kazakhstan,KZ
692,Bret,Galgey,bgalgeyj7@narod.ru,Male,Russia,RU
693,Coletta,Jean,cjeanj8@tripadvisor.com,Female,Ireland,IE
694,Arvin,Ollerhead,aollerheadj9@wiley.com,Male,Japan,JP
695,Burtie,Hawksley,bhawksleyja@cnbc.com,Male,France,FR
696,Pammy,Bellows,pbellowsjb@samsung.com,Female,Syria,SY
697,Cristionna,Jacobbe,cjacobbejc@gov.uk,Female,Philippines,PH
698,Lock,Shilburne,lshilburnejd@w3.org,Male,Japan,JP
699,Richie,Kimbrough,rkimbroughje@boston.com,Male,Morocco,MA
700,Rodolph,Hurcombe,rhurcombejf@reddit.com,Male,Kazakhstan,KZ
701,Sheryl,Branthwaite,sbranthwaitejg@upenn.edu,Non-binary,China,CN
702,Jeth,Archard,jarchardjh@github.io,Male,China,CN
703,Myron,Elizabeth,melizabethji@ft.com,Male,Pakistan,PK
704,Wilbur,Skae,wskaejj@phoca.cz,Male,China,CN
705,Kingsley,Quince,kquincejk@google.it,Male,Sri Lanka,LK
706,Klarrisa,Cottier,kcottierjl@msu.edu,Female,Australia,AU
707,Natal,Roja,nrojajm@example.com,Male,Russia,RU
708,Malina,Blamey,mblameyjn@reference.com,Female,Morocco,MA
709,Caddric,MacAskie,cmacaskiejo@51.la,Male,Philippines,PH
710,Quincey,Owers,qowersjp@tripod.com,Male,Russia,RU
711,Bradford,Ambrosch,bambroschjq@topsy.com,Male,Panama,PA
712,Francoise,Dover,fdoverjr@nasa.gov,Female,China,CN
713,Clemmie,Thunnerclef,cthunnerclefjs@booking.com,Male,Croatia,HR
714,Zenia,Philippart,zphilippartjt@cpanel.net,Female,Indonesia,ID
715,Annaliese,Orwin,aorwinju@bluehost.com,Female,Philippines,PH
716,Xaviera,Spennock,xspennockjv@apple.com,Female,Brazil,BR
717,Martelle,Bes,mbesjw@123-reg.co.uk,Female,Indonesia,ID
718,Horatius,Grogono,hgrogonojx@shinystat.com,Male,Philippines,PH
719,Bret,Finci,bfincijy@domainmarket.com,Non-binary,Portugal,PT
720,Meris,Crowdace,mcrowdacejz@cocolog-nifty.com,Female,China,CN
721,Gillie,Bracher,gbracherk0@pbs.org,Female,China,CN
722,Fielding,Reiglar,freiglark1@miibeian.gov.cn,Male,Czech Republic,CZ
723,Lovell,Ellissen,lellissenk2@answers.com,Male,Luxembourg,LU
724,Bentley,Lebond,blebondk3@wisc.edu,Agender,Democratic Republic of the Congo,CD
725,Christoforo,Haccleton,chaccletonk4@phpbb.com,Male,Lithuania,LT
726,Almeda,Massingham,amassinghamk5@wikipedia.org,Female,Mexico,MX
727,Kiri,Vedyaev,kvedyaevk6@bbb.org,Female,Indonesia,ID
728,Olivero,McKevin,omckevink7@illinois.edu,Male,China,CN
729,Diahann,Chetwin,dchetwink8@mediafire.com,Polygender,France,FR
730,Grantley,Galbreath,ggalbreathk9@tiny.cc,Male,Philippines,PH
731,Claude,Senton,csentonka@washington.edu,Female,China,CN
732,Reinhard,Petrashkov,rpetrashkovkb@patch.com,Male,China,CN
733,Leeanne,Beevens,lbeevenskc@arstechnica.com,Female,Indonesia,ID
734,Darrick,Diament,ddiamentkd@tripadvisor.com,Male,United States,US
735,Kristina,Tilsley,ktilsleyke@ibm.com,Female,China,CN
736,Truda,Coultish,tcoultishkf@un.org,Female,Poland,PL
737,Emalee,Alabone,ealabonekg@sourceforge.net,Female,Argentina,AR
738,Corina,Martinolli,cmartinollikh@wsj.com,Genderfluid,Canada,CA
739,Flemming,Cowles,fcowleski@tuttocitta.it,Male,Poland,PL
740,Padriac,Moger,pmogerkj@sciencedaily.com,Male,China,CN
741,Corey,Cassley,ccassleykk@dailymotion.com,Male,Czech Republic,CZ
742,Saidee,Bontine,sbontinekl@sun.com,Female,Poland,PL
743,Fancie,Jakeman,fjakemankm@webs.com,Bigender,Croatia,HR
744,Sarena,Boodell,sboodellkn@google.ru,Female,Ukraine,UA
745,Gaile,Skeats,gskeatsko@biglobe.ne.jp,Male,Indonesia,ID
746,Doria,Ditchburn,dditchburnkp@ucla.edu,Female,Benin,BJ
747,Mildred,Turnock,mturnockkq@geocities.com,Female,China,CN
748,Estrella,Robbs,erobbskr@sciencedaily.com,Female,Finland,FI
749,Elicia,Haugg,ehauggks@answers.com,Female,China,CN
750,Jennee,Leggis,jleggiskt@ihg.com,Female,Russia,RU
751,Pavlov,Endicott,pendicottku@youku.com,Male,Portugal,PT
752,Sheppard,Thorogood,sthorogoodkv@typepad.com,Male,Colombia,CO
753,Julianna,Willetts,jwillettskw@edublogs.org,Female,China,CN
754,Owen,Ruddlesden,oruddlesdenkx@bloglines.com,Male,Czech Republic,CZ
755,Petunia,Nelles,pnellesky@blogger.com,Female,Armenia,AM
756,Lev,Walwood,lwalwoodkz@e-recht24.de,Male,Greece,GR
757,Stanford,Pinar,spinarl0@businessweek.com,Male,Russia,RU
758,Clerissa,Gouny,cgounyl1@posterous.com,Female,Sweden,SE
759,Myer,Roderick,mroderickl2@nyu.edu,Bigender,China,CN
760,Conant,Ferrea,cferreal3@sina.com.cn,Male,Saudi Arabia,SA
761,Emory,Scothorn,escothornl4@stanford.edu,Male,South Africa,ZA
762,Nefen,Longhurst,nlonghurstl5@adobe.com,Male,France,FR
763,Emmeline,Stebbings,estebbingsl6@ifeng.com,Female,China,CN
764,Rosana,Ramble,rramblel7@utexas.edu,Female,Ukraine,UA
765,Cami,Flott,cflottl8@xrea.com,Female,Samoa,WS
766,Friederike,Holley,fholleyl9@webmd.com,Female,Czech Republic,CZ
767,Hayley,Kenright,hkenrightla@wiley.com,Female,Bangladesh,BD
768,Stanwood,Lundon,slundonlb@go.com,Male,Greece,GR
769,Iosep,Hedon,ihedonlc@simplemachines.org,Male,Ukraine,UA
770,Phebe,Ottam,pottamld@economist.com,Female,China,CN
771,Ruddie,Waszczyk,rwaszczykle@addtoany.com,Male,Indonesia,ID
772,Zerk,Jacquot,zjacquotlf@angelfire.com,Male,Mexico,MX
773,Welby,Duffell,wduffelllg@163.com,Male,China,CN
774,Kippie,Iacofo,kiacofolh@time.com,Male,Indonesia,ID
775,Hulda,Heggadon,hheggadonli@hexun.com,Female,Afghanistan,AF
776,Shaw,Coleborn,scolebornlj@rakuten.co.jp,Male,Indonesia,ID
777,Cindie,Syer,csyerlk@smugmug.com,Female,Poland,PL
778,Georgie,Carbin,gcarbinll@walmart.com,Male,China,CN
779,Ketty,Boullin,kboullinlm@ehow.com,Female,Morocco,MA
780,Tanner,Bockh,tbockhln@berkeley.edu,Male,Indonesia,ID
781,Anastasie,Brehault,abrehaultlo@europa.eu,Female,China,CN
782,Heall,Cosker,hcoskerlp@sakura.ne.jp,Male,Indonesia,ID
783,Oralee,Eady,oeadylq@webnode.com,Female,China,CN
784,Lars,Maliphant,lmaliphantlr@scientificamerican.com,Polygender,Poland,PL
785,Sharron,Goldsby,sgoldsbyls@msn.com,Female,Indonesia,ID
786,Falkner,Rilings,frilingslt@marketwatch.com,Polygender,Brazil,BR
787,Boonie,Wastie,bwastielu@histats.com,Male,Chile,CL
788,Miof mela,McEllen,mmcellenlv@ted.com,Female,Libya,LY
789,Andres,Oehme,aoehmelw@arizona.edu,Male,France,FR
790,Joanne,Repper,jrepperlx@flickr.com,Female,France,FR
791,Modestia,Serman,msermanly@netvibes.com,Female,Russia,RU
792,Estele,Tidswell,etidswelllz@craigslist.org,Female,Indonesia,ID
793,Gerard,Carrel,gcarrelm0@google.ru,Male,China,CN
794,Silas,Casey,scaseym1@mit.edu,Male,Indonesia,ID
795,Ermanno,Gilardengo,egilardengom2@huffingtonpost.com,Male,Poland,PL
796,Aimil,Millier,amillierm3@netscape.com,Female,Jamaica,JM
797,Storm,Bramstom,sbramstomm4@themeforest.net,Female,Portugal,PT
798,Mariska,Romaint,mromaintm5@huffingtonpost.com,Female,Canada,CA
799,Matthieu,Savine,msavinem6@theguardian.com,Male,Indonesia,ID
800,Andreas,Addekin,aaddekinm7@livejournal.com,Non-binary,China,CN
801,Brinna,Ixor,bixorm8@blogspot.com,Genderqueer,Mongolia,MN
802,Husain,Gabbitis,hgabbitism9@archive.org,Male,South Africa,ZA
803,Leonidas,Srawley,lsrawleyma@spotify.com,Male,Portugal,PT
804,Brook,Suffe,bsuffemb@house.gov,Male,Japan,JP
805,Bettina,Roddell,broddellmc@stanford.edu,Female,Portugal,PT
806,Truda,Danilevich,tdanilevichmd@soundcloud.com,Female,China,CN
807,Agathe,Oldrey,aoldreyme@cdbaby.com,Female,Colombia,CO
808,Amara,Navan,anavanmf@dagondesign.com,Female,Canada,CA
809,Kylie,Baumler,kbaumlermg@pagesperso-orange.fr,Male,China,CN
810,Vick,Berkley,vberkleymh@de.vu,Male,Portugal,PT
811,Guinna,Teek,gteekmi@netscape.com,Polygender,Iran,IR
812,Prentice,Walsh,pwalshmj@yellowpages.com,Male,Czech Republic,CZ
813,Marietta,Trevance,mtrevancemk@bluehost.com,Male,Russia,RU
814,Gabrila,Vasyuchov,gvasyuchovml@mayoclinic.com,Female,Philippines,PH
815,Matias,MacGiolla Pheadair,mmacgiollapheadairmm@yellowbook.com,Genderfluid,China,CN
816,Debee,Haysar,dhaysarmn@sciencedirect.com,Female,China,CN
817,Chrissy,Neenan,cneenanmo@eventbrite.com,Polygender,Poland,PL
818,Christian,Koppe,ckoppemp@about.me,Male,Indonesia,ID
819,Jeremie,Shaddick,jshaddickmq@tripod.com,Male,China,CN
820,Duke,Cuthill,dcuthillmr@webmd.com,Male,Brazil,BR
821,Amble,Densey,adenseyms@ca.gov,Male,China,CN
822,Lefty,Kettlestring,lkettlestringmt@senate.gov,Male,Indonesia,ID
823,Emanuele,Kordt,ekordtmu@springer.com,Male,China,CN
824,Cal,Lamps,clampsmv@nasa.gov,Female,Guatemala,GT
825,Justis,Brand-Hardy,jbrandhardymw@tumblr.com,Male,Denmark,DK
826,Maurita,Shimmin,mshimminmx@dell.com,Female,Thailand,TH
827,Jarret,Bison,jbisonmy@newyorker.com,Male,China,CN
828,Ingmar,Korting,ikortingmz@aol.com,Male,China,CN
829,Cordie,Blowen,cblowenn0@gov.uk,Male,Indonesia,ID
830,Gayel,Scamp,gscampn1@people.com.cn,Polygender,Brazil,BR
831,Sari,Sumers,ssumersn2@blogspot.com,Female,Brazil,BR
832,Tammie,Barnes,tbarnesn3@theglobeandmail.com,Female,China,CN
833,Wendeline,Eiler,weilern4@wordpress.com,Female,Indonesia,ID
834,Chrissy,De Dantesie,cdedantesien5@illinois.edu,Male,Israel,IL
835,Krishnah,Trinkwon,ktrinkwonn6@slashdot.org,Male,Portugal,PT
836,Reagen,Gidney,rgidneyn7@irs.gov,Male,Sweden,SE
837,Roma,Taillant,rtaillantn8@sohu.com,Male,China,CN
838,Hartley,Keeney,hkeeneyn9@indiatimes.com,Genderfluid,Indonesia,ID
839,Maynord,Spittal,mspittalna@purevolume.com,Male,United States,US
840,Corrianne,Baddeley,cbaddeleynb@bloglines.com,Female,Iceland,IS
841,Kelwin,Bridgwood,kbridgwoodnc@furl.net,Male,Afghanistan,AF
842,Bessy,Ruddock,bruddocknd@cnn.com,Genderfluid,Philippines,PH
843,Tanner,Davidwitz,tdavidwitzne@list-manage.com,Male,Philippines,PH
844,Melita,Viger,mvigernf@arizona.edu,Female,China,CN
845,Michaelina,Venneur,mvenneurng@wix.com,Genderfluid,Indonesia,ID
846,Ogden,Culleford,ocullefordnh@goo.ne.jp,Male,Portugal,PT
847,Raquel,O'Loinn,roloinnni@wordpress.com,Female,Brazil,BR
848,Annnora,Fattorini,afattorininj@constantcontact.com,Female,China,CN
849,Lyon,Garshore,lgarshorenk@cmu.edu,Male,Indonesia,ID
850,Aloysia,Carriage,acarriagenl@bbb.org,Female,Indonesia,ID
851,Cory,Rosebotham,crosebothamnm@latimes.com,Agender,Indonesia,ID
852,Khalil,Rothert,krothertnn@123-reg.co.uk,Male,Russia,RU
853,Raff,Cleft,rcleftno@usgs.gov,Male,United States,US
854,Gabrielle,Grishakov,ggrishakovnp@oaic.gov.au,Female,Peru,PE
855,Loy,Mault,lmaultnq@dell.com,Male,Russia,RU
856,Guthrey,Miranda,gmirandanr@reference.com,Male,China,CN
857,Darnell,Eite,deitens@illinois.edu,Male,Brazil,BR
858,Cookie,Darcey,cdarceynt@salon.com,Female,Russia,RU
859,Karrah,Twatt,ktwattnu@msn.com,Female,China,CN
860,Zebulen,Boyer,zboyernv@nhs.uk,Polygender,Aland Islands,AX
861,Shanda,Chell,schellnw@slideshare.net,Female,China,CN
862,Alejandrina,Cocker,acockernx@discovery.com,Female,Indonesia,ID
863,Alyson,Albrecht,aalbrechtny@nsw.gov.au,Female,United States,US
864,Vonnie,Ramey,vrameynz@ebay.co.uk,Female,Czech Republic,CZ
865,Davin,Copsey,dcopseyo0@nsw.gov.au,Male,Chile,CL
866,Claudius,McGarel,cmcgarelo1@google.com.hk,Male,Malaysia,MY
867,Willem,Kusick,wkusicko2@pbs.org,Male,Poland,PL
868,Lindie,Creeboe,lcreeboeo3@woothemes.com,Female,Moldova,MD
869,Arabel,Kleinber,akleinbero4@sun.com,Female,Netherlands,NL
870,Spenser,Blind,sblindo5@chicagotribune.com,Male,China,CN
871,Enrichetta,Barlas,ebarlaso6@google.pl,Female,Indonesia,ID
872,Harry,Olkowicz,holkowiczo7@nasa.gov,Male,Greece,GR
873,Antone,Thies,athieso8@sun.com,Male,South Africa,ZA
874,Fran,Heersema,fheersemao9@bigcartel.com,Male,Ukraine,UA
875,Livvyy,Blunsden,lblunsdenoa@google.es,Female,China,CN
876,Ephrayim,Furminger,efurmingerob@si.edu,Male,Netherlands,NL
877,Celka,Bolsteridge,cbolsteridgeoc@prlog.org,Female,Switzerland,CH
878,Mortimer,Byas,mbyasod@census.gov,Male,Mexico,MX
879,Charlotte,MacCorkell,cmaccorkelloe@amazon.co.jp,Female,Mongolia,MN
880,Kimberley,Hove,khoveof@pcworld.com,Female,Guinea-Bissau,GW
881,Gilemette,Hegge,gheggeog@ameblo.jp,Female,China,CN
882,Sam,Scamadin,sscamadinoh@comcast.net,Male,Nigeria,NG
883,Shari,Feaver,sfeaveroi@github.com,Female,Russia,RU
884,Porty,Denyakin,pdenyakinoj@berkeley.edu,Bigender,Thailand,TH
885,Agna,Bidewell,abidewellok@amazon.de,Female,Indonesia,ID
886,Max,Dionsetti,mdionsettiol@wufoo.com,Female,Indonesia,ID
887,Gill,Smail,gsmailom@parallels.com,Female,Poland,PL
888,Pet,Mettrick,pmettrickon@aboutads.info,Female,Denmark,DK
889,Doreen,Jemmett,djemmettoo@slashdot.org,Bigender,United States,US
890,Demetris,Udy,dudyop@homestead.com,Female,Christmas Island,CX
891,Lindsay,Hindmoor,lhindmooroq@istockphoto.com,Female,Mexico,MX
892,Zulema,De Miranda,zdemirandaor@imgur.com,Female,Indonesia,ID
893,Ricki,Lake,rlakeos@google.fr,Female,Thailand,TH
894,Carroll,Haffenden,chaffendenot@canalblog.com,Female,Japan,JP
895,Livia,Bottrell,lbottrellou@wufoo.com,Female,Mexico,MX
896,Gregory,Rapaport,grapaportov@bbb.org,Male,France,FR
897,Lauretta,Mathes,lmathesow@google.ru,Female,Israel,IL
898,Dukie,de Leon,ddeleonox@shutterfly.com,Male,French Polynesia,PF
899,Elysee,Braddon,ebraddonoy@jugem.jp,Female,Palestinian Territory,PS
900,Cheslie,Bilovsky,cbilovskyoz@wix.com,Female,Kosovo,XK
901,Darryl,Heyns,dheynsp0@aol.com,Male,Tunisia,TN
902,Bengt,Meas,bmeasp1@seattletimes.com,Male,Ukraine,UA
903,Erinn,Cristofano,ecristofanop2@guardian.co.uk,Female,Cuba,CU
904,Gunner,Malamore,gmalamorep3@state.gov,Male,Japan,JP
905,Letizia,Learoyd,llearoydp4@feedburner.com,Female,Indonesia,ID
906,Emili,Jurasek,ejurasekp5@naver.com,Female,Indonesia,ID
907,Jackie,Balmer,jbalmerp6@forbes.com,Male,Philippines,PH
908,Ivan,Kilroy,ikilroyp7@msu.edu,Male,China,CN
909,Meryl,Dracey,mdraceyp8@springer.com,Female,Indonesia,ID
910,Friedrick,McAviy,fmcaviyp9@qq.com,Male,Ukraine,UA
911,Raimondo,Redd,rreddpa@dropbox.com,Non-binary,United States,US
912,Daisy,Coverdill,dcoverdillpb@vinaora.com,Female,Thailand,TH
913,Eartha,Tubbs,etubbspc@yolasite.com,Female,Czech Republic,CZ
914,Melesa,Lamball,mlamballpd@friendfeed.com,Female,Philippines,PH
915,Angy,Rymmer,arymmerpe@google.de,Female,Slovenia,SI
916,Erhard,Walsom,ewalsompf@discuz.net,Male,Iran,IR
917,Bob,Livings,blivingspg@freewebs.com,Male,Estonia,EE
918,Moore,Slay,mslayph@addthis.com,Male,China,CN
919,Darleen,McRae,dmcraepi@irs.gov,Female,United States,US
920,Cherye,Greer,cgreerpj@boston.com,Female,China,CN
921,Tally,MacRierie,tmacrieriepk@wiley.com,Male,China,CN
922,Daisey,Steen,dsteenpl@purevolume.com,Female,Czech Republic,CZ
923,Lottie,Adamowitz,ladamowitzpm@epa.gov,Female,Greece,GR
924,Madelaine,Pfertner,mpfertnerpn@tamu.edu,Female,Albania,AL
925,Neely,Dougal,ndougalpo@constantcontact.com,Female,Poland,PL
926,Corinna,Thraves,cthravespp@wired.com,Female,China,CN
927,Kass,Klimov,kklimovpq@squidoo.com,Polygender,Philippines,PH
928,Regen,Nary,rnarypr@blog.com,Male,Argentina,AR
929,Ryley,Eveque,revequeps@biblegateway.com,Male,Peru,PE
930,Kenon,Cadagan,kcadaganpt@scientificamerican.com,Male,Russia,RU
931,Kimmie,Triggol,ktriggolpu@opera.com,Female,Finland,FI
932,Carmelina,Heberden,cheberdenpv@parallels.com,Female,Japan,JP
933,Fedora,Rothchild,frothchildpw@mediafire.com,Non-binary,Mexico,MX
934,Alejandrina,Ineson,ainesonpx@reference.com,Polygender,Indonesia,ID
935,Tabitha,Amiable,tamiablepy@clickbank.net,Polygender,China,CN
936,Meriel,Janes,mjanespz@facebook.com,Female,Philippines,PH
937,Bellina,Whittleton,bwhittletonq0@miibeian.gov.cn,Female,United States,US
938,Samuel,Shemmans,sshemmansq1@utexas.edu,Genderqueer,Philippines,PH
939,Jaine,Jenoure,jjenoureq2@wiley.com,Female,Indonesia,ID
940,Uta,Niblock,uniblockq3@yahoo.com,Female,Indonesia,ID
941,Jaime,Reolfo,jreolfoq4@wikimedia.org,Male,Indonesia,ID
942,Lowell,Bowery,lboweryq5@oracle.com,Male,Bangladesh,BD
943,Donetta,Ianne,dianneq6@nih.gov,Female,Philippines,PH
944,Horatius,Harverson,hharversonq7@opensource.org,Male,Morocco,MA
945,Georges,Cazin,gcazinq8@google.com.hk,Male,Czech Republic,CZ
946,Earl,MacCaull,emaccaullq9@oracle.com,Male,Ukraine,UA
947,Vannie,Moughton,vmoughtonqa@t-online.de,Female,Dominican Republic,DO
948,Sascha,Martt,smarttqb@economist.com,Male,Peru,PE
949,Rhodia,Riba,rribaqc@cloudflare.com,Female,Sweden,SE
950,Cly,Allbut,callbutqd@linkedin.com,Male,Canada,CA
951,Millard,Dawidowitsch,mdawidowitschqe@mayoclinic.com,Male,Czech Republic,CZ
952,Beverly,Bastie,bbastieqf@slate.com,Female,Vietnam,VN
953,Tierney,Drury,tdruryqg@com.com,Female,Ukraine,UA
954,Shea,Gibb,sgibbqh@booking.com,Male,Peru,PE
955,Rock,Gehrts,rgehrtsqi@netvibes.com,Male,Syria,SY
956,Katherine,Freschi,kfreschiqj@sun.com,Female,China,CN
957,Marshal,Rudloff,mrudloffqk@redcross.org,Male,Mexico,MX
958,Sophi,Sango,ssangoql@bizjournals.com,Non-binary,Sweden,SE
959,Skippie,Chippindall,schippindallqm@yandex.ru,Male,China,CN
960,Leontine,Riddel,lriddelqn@java.com,Female,Peru,PE
961,Marv,Emeline,memelineqo@jugem.jp,Male,Afghanistan,AF
962,Ezra,Ellacombe,eellacombeqp@loc.gov,Male,Indonesia,ID
963,Ethelred,Spratley,espratleyqq@tinyurl.com,Male,Czech Republic,CZ
964,Debra,Gheeraert,dgheeraertqr@noaa.gov,Female,Brazil,BR
965,Royall,Gregersen,rgregersenqs@msn.com,Male,Samoa,WS
966,Jefferson,Siflet,jsifletqt@nytimes.com,Male,Philippines,PH
967,Nanni,Abberley,nabberleyqu@amazon.co.uk,Female,Palestinian Territory,PS
968,Barrett,Eltun,beltunqv@state.tx.us,Male,New Zealand,NZ
969,Joshia,Spat,jspatqw@ca.gov,Agender,China,CN
970,Flin,Mickelwright,fmickelwrightqx@drupal.org,Polygender,Netherlands,NL
971,Osmond,Danielovitch,odanielovitchqy@economist.com,Male,Sweden,SE
972,Jessa,Thurlow,jthurlowqz@cocolog-nifty.com,Female,Philippines,PH
973,Crissie,Oldacre,coldacrer0@zdnet.com,Female,Japan,JP
974,Tori,Wittleton,twittletonr1@prweb.com,Female,Portugal,PT
975,Bryana,McLese,bmcleser2@shop-pro.jp,Female,Bolivia,BO
976,Dougie,Gile,dgiler3@rediff.com,Male,Indonesia,ID
977,Ava,Berecloth,abereclothr4@ox.ac.uk,Female,Brazil,BR
978,Johnny,Di Carli,jdicarlir5@quantcast.com,Male,United States,US
979,Germayne,Plail,gplailr6@dailymail.co.uk,Male,Moldova,MD
980,Randolph,Hirjak,rhirjakr7@buzzfeed.com,Male,Philippines,PH
981,Helyn,Gillease,hgilleaser8@cbslocal.com,Female,Afghanistan,AF
982,Dickie,Enderlein,denderleinr9@t.co,Male,Bulgaria,BG
983,Georgia,Windrass,gwindrassra@biblegateway.com,Female,Hungary,HU
984,Guillermo,Spurrior,gspurriorrb@github.com,Male,Afghanistan,AF
985,Colette,Merrington,cmerringtonrc@marketwatch.com,Female,Portugal,PT
986,Kirby,Stanier,kstanierrd@taobao.com,Male,Indonesia,ID
987,Channa,Grogor,cgrogorre@uol.com.br,Female,Indonesia,ID
988,Robbert,Ricks,rricksrf@hostgator.com,Male,China,CN
989,Noami,Empson,nempsonrg@instagram.com,Female,China,CN
990,Ban,Sallery,bsalleryrh@vimeo.com,Male,Germany,DE
991,Chic,Camerana,ccameranari@free.fr,Male,China,CN
992,Elbert,Olliffe,eollifferj@cafepress.com,Non-binary,Philippines,PH
993,Stanwood,Medford,smedfordrk@163.com,Male,Indonesia,ID
994,Bridget,Pudden,bpuddenrl@twitpic.com,Female,Azerbaijan,AZ
995,Marlene,Juschka,mjuschkarm@weebly.com,Female,Ghana,GH
996,Dannie,Lorinez,dlorinezrn@bigcartel.com,Female,China,CN
997,Nedi,Marde,nmardero@xinhuanet.com,Female,Poland,PL
998,Franni,Clelle,fclellerp@hubpages.com,Female,Afghanistan,AF
999,Laughton,Bason,lbasonrq@weibo.com,Male,Philippines,PH
1000,Karyn,Piggott,kpiggottrr@kickstarter.com,Female,China,CN
